"id";"name"
"ur7108599";"kjames-26542"
"ur4849028";"shawneofthedead"
"ur1210420";"garethvk"
"ur5730393";"kevintgeisler"
"ur7766152";"blparker-31738"
"ur5004201";"mto10"
"ur8878081";"BiiivAL"
"ur8698769";"oliverdimitri"
"ur5627071";"eden-rabatsch"
"ur3518490";"hawkins_saints_rock"
"ur7325313";"milleniumlogan"
"ur6778625";"pjgs200"
"ur8324652";"upashnafuentes"
"ur3750610";"kuaci89"
"ur6224962";"pranayjalvi"
"ur3816536";"mito876"
"ur5759072";"Platypuschow"
"ur2528106";"three_dead_crows"
"ur1837428";"MrDHWong"
"ur6235993";"mstephens-98840"
"ur6741756";"robert-85923"
"ur6455786";"devon-83464"
"ur7591175";"ikeanuhd"
"ur8688018";"oldy71"
"ur6786965";"ghostv00"
"ur4272387";"janmanuel2"
"ur8560423";"seanmartin-97794"
"ur4901756";"Crim-"
"ur8419531";"anthonycciancio"
"ur5423231";"c-murray631"
"ur2516211";"peteski53-987-645179"
"ur7712644";"IronManu77"
"ur6388886";"danielbastone"
"ur1904322";"dd-osman"
"ur5883383";"dubwize"
"ur1452049";"generationofswine"
"ur6143549";"morrisfotograf"
"ur3333657";"marcximus1122"
"ur8650921";"boynyc"
"ur2787215";"jon-147-171809"
"ur2607561";"ajj_sin"
"ur6324132";"adamww-71263"
"ur3484263";"paul_marston"
"ur3627370";"jodyfidelis"
"ur8252420";"stangpt-72073"
"ur2447988";"paul_s_hills"
"ur5528485";"davewilco84-109-601118"
"ur2758288";"edgalarza"
"ur6946055";"rodhackenflasch"
"ur7909680";"davidrowntree-05460"
"ur6655271";"kamau-15267"
"ur3218179";"luiet"
"ur6385739";"CANpatbuck3664"
"ur5343905";"agmuscat"
"ur6934375";"starlord-84597"
"ur1863213";"RetroRick"
"ur5782731";"StaneSKT"
"ur7792427";"brucedaltx"
"ur2682412";"megandouglas14"
"ur8398942";"sisyaa"
"ur4417201";"ahmed-g-709-32557"
"ur6730204";"marwood-38352"
"ur2162965";"U-Jealous"
"ur8845005";"hec-54772"
"ur8929063";"zxhaxdr"
"ur8835123";"deluko"
"ur4360079";"marc5477"
"ur5139517";"marc-949-512988"
"ur2782935";"Chillihead1"
"ur8845202";"brandont-19639"
"ur7943162";"markthomassintek"
"ur4323206";"richrd-macwan"
"ur3483868";"ttanerkaplan"
"ur9445492";"ramonvandinther"
"ur8868593";"nanci-55759"
"ur4154593";"david-626-148063"
"ur8149482";"Toggy83"
"ur8451251";"chas_newport"
"ur3607154";"LenaKrones"
"ur7681631";"alanfield-73765"
"ur4700140";"pulliptears-805-317973"
"ur6758933";"raudafitriani"
"ur3564767";"sarahjanegannon"
"ur3034945";"mehdital"
"ur4031927";"bmhardy_05"
"ur7779145";"jackrlarson-72679"
"ur6848308";"brankovranjkovic"
"ur4080682";"siro-604-947919"
"ur6928752";"zoeemclean"
"ur6702666";"virgorat-66441"
"ur9442081";"stacyhislop"
"ur4892599";"za_ne"
"ur6245894";"avinashmeetoo"
"ur4012715";"EvanAcreeFilm"
"ur6833743";"ashwetherall1"
"ur7499522";"me-81350"
"ur6397081";"pearldiver-60635"
"ur4679062";"mrdean78"
"ur1025181";"MnemonicDevice"
"ur1100104";"ArchStanton1862"
"ur2810916";"mattgosling1987"
"ur6124458";"DanielRobertRoss"
"ur3915294";"juanceballos1"
"ur3359334";"hilaryswank2011"
"ur2682080";"Pjtaylor-96-138044"
"ur6076410";"fredemt"
"ur5511034";"gertjan_kampen"
"ur7704718";"kbveggies"
"ur5789610";"CobertNeede"
"ur8690828";"xx-43514"
"ur8687449";"mrifqi-48551"
"ur3961769";"bradhubert"
"ur8301205";"toe71"
"ur4920856";"bob-the-movie-man"
"ur5068690";"SuperBrown"
"ur8005909";"rumo-84953"
"ur8688179";"noah-57204"
"ur8378692";"kuuk3"
"ur7070946";"dimaarch-84134"
"ur5366079";"Jared_Andrews"
"ur8687214";"lynseydavis"
"ur6826140";"tonysundell"
"ur9112059";"CharlesAncelle"
"ur4250000";"kccatfish93"
"ur3294735";"andrewjens-336-975762"
"ur5701783";"prehartwork"
"ur6950892";"NpMoviez"
"ur7454367";"popculturethoughts"
"ur9339882";"stuprum"
"ur1289458";"devargo2003"
"ur0468724";"jake-179"
"ur6581281";"zechpetersen"
"ur6097859";"shaneandamy-19629"
"ur6010567";"maxmanthedon"
"ur8738134";"sruggeri-24457"
"ur8567380";"lynseylinzlu"
"ur8715312";"farooqq-27955"
"ur2844087";"danstelzer"
"ur1986389";"majoreasy"
"ur9719883";"roncell"
"ur4558037";"Blogger66"
"ur8229171";"mujohaso"
"ur4410749";"baratheveggie"
"ur3881709";"Wittyknickname"
"ur5882250";"jockey-1"
"ur2488512";"claudio_carvalho"
"ur2332274";"GuanXing"
"ur9343712";"ufarese"
"ur6046100";"declan-98915"
"ur9343483";"marvinho-67055"
"ur2495357";"Chuckles010"
"ur1589185";"krazy-mm"
"ur5340572";"xdonya_persianx"
"ur6239762";"pulpfamous"
"ur9344148";"firefox-68028"
"ur1160051";"kelly966"
"ur4663974";"karmakerniloy"
"ur3768091";"Johannakivinen"
"ur7116449";"brandongooner"
"ur2400524";"phansoki"
"ur3750060";"dhdregun"
"ur9075005";"klaudiazareba"
"ur5987113";"alhinai-95224"
"ur6575959";"jaypartlan"
"ur3438905";"koenhouben"
"ur6040404";"TheMovieDoctorful"
"ur2864250";"bzoom0"
"ur6414946";"mahardikaitokid"
"ur3777599";"knightofassassin"
"ur9362098";"silvaback-13517"
"ur1152308";"nancyldraper"
"ur9045641";"superdupersentinel"
"ur9184737";"ventourisspyros-68672"
"ur1898289";"johngiovannicorda"
"ur6738558";"michaeljohnson-27597"
"ur9348561";"mikeschmidt-75136"
"ur3132896";"Ed-Shullivan"
"ur5448846";"charlesponchon"
"ur3995322";"themadmovieman"
"ur1204829";"martimusross"
"ur8554481";"nkbtw"
"ur4731789";"mrsdoyle_2005"
"ur9185545";"Harrymiller1215"
"ur2778226";"rquku"
"ur8204931";"athens-24109"
"ur8027424";"mitchelllim"
"ur9927546";"blanbrn"
"ur3897017";"peter-nichta-564-860549"
"ur6568210";"viraltux"
"ur3929483";"jimhohl"
"ur1766706";"josh_henry80"
"ur9354979";"johnlhalpin"
"ur5016783";"luke-solly"
"ur3096937";"shopping-277-112148"
"ur2375782";"MimicOctopus"
"ur8181071";"borismk-38942"
"ur3484384";"AlexeyxDD"
"ur6394391";"ekleins"
"ur6602537";"princeadofo"
"ur1579409";"gogoschka-1"
"ur2203302";"edubbs89"
"ur9551264";"jacksonrogers-69099"
"ur5545779";"nothimme"
"ur8390781";"bmorgs-03860"
"ur5579264";"nyeekasmalls"
"ur9666837";"trevorcarpenter-28214"
"ur2605419";"Dimple67"
"ur7524523";"pradeeptewathia"
"ur9614284";"luofa"
"ur9720125";"LordBarrett-52262"
"ur4330072";"pfehrman-1"
"ur6439979";"gk-19557"
"ur3257585";"FrenchEddieFelson"
"ur1595371";"INTXb"
"ur4882934";"ahmetkozan"
"ur2660519";"tso_jong"
"ur3693080";"abhi-bc"
"ur9015114";"cufiviy"
"ur2063379";"imdb2-5"
"ur2103441";"tomguycz"
"ur2987816";"dimity-ward"
"ur5844722";"tomholland2016"
"ur5163277";"rickardptlarsson"
"ur1855531";"adiclarkson"
"ur6050191";"TheBigSick"
"ur4508035";"Rognajj"
"ur4691526";"Prashast_Singh"
"ur2206221";"WakeyBakey"
"ur2633509";"McScared"
"ur5856409";"Maugeh"
"ur6247383";"mjgapinski-58358"
"ur1553661";"shaf_ahmed"
"ur6860945";"soulsk8ter225"
"ur5120355";"chandlerclark07"
"ur4682694";"joshuamartinez8405"
"ur7813355";"neil-476"
"ur6081503";"aaronbell-62149"
"ur5664766";"e-akerberg"
"ur1305212";"lilu444-1"
"ur4248966";"Crillan56"
"ur0011762";"cherold"
"ur3947766";"cooltoys007"
"ur8570485";"ajwh-53593"
"ur3402711";"SmashandNasty"
"ur1544521";"petra_ste"
"ur3344905";"garciam44"
"ur3838034";"stephen-310"
"ur3547677";"MarkoutTV"
"ur3612462";"jimmyjohnjones69"
"ur2346558";"XeniaGuberman"
"ur1975219";"matthewssilverhammer"
"ur1597790";"Hellmant"
"ur2309188";"tigerfish50"
"ur2289545";"sscott94"
"ur2757000";"clark-ingleton"
"ur6000489";"JamesMcIrish"
"ur6141019";"merpman-94402"
"ur6777122";"mf-33517"
"ur4473167";"cbaw1957"
"ur8636164";"paphotography"
"ur1517191";"adamwho"
"ur4949032";"mlahola"
"ur2640626";"Goody-69-375647"
"ur6554979";"Alondro"
"ur4325347";"mathias-degroof-678-362907"
"ur7076337";"rodrigomiguel-49325"
"ur2098878";"littlemankazoo"
"ur5950183";"loyolamarkbryan"
"ur6527343";"The_Man_XX7"
"ur8993889";"bcchambers-60007"
"ur8852890";"erkbr"
"ur8890737";"sherjack-ron"
"ur6479841";"TheTopDawg"
"ur6765094";"bri_j_har"
"ur6008348";"bcater"
"ur3441608";"john310"
"ur6574355";"rahulnayi"
"ur8856940";"tudorpsih"
"ur7485021";"maryannecsmart"
"ur5235936";"jin_7111"
"ur1901029";"Mklangelo"
"ur5672351";"Ashley-Highfill"
"ur6085775";"jameschin"
"ur6603782";"Mohamed-cazorla"
"ur1846795";"poopville"
"ur5833337";"lastjosh"
"ur4066460";"vandykeu"
"ur4109675";"cogollo1974-612-157173"
"ur8736813";"djmcghee-69855"
"ur7152435";"airsoftquartermaster"
"ur8349704";"kaiwallauer"
"ur4460286";"SpoodermanDerp"
"ur7039621";"danielkelso-10265"
"ur1522081";"lehoucq"
"ur0499651";"Joejoesan"
"ur3722680";"paulcf-510-910462"
"ur8659098";"daemonxhun"
"ur2110153";"paulijcalderon"
"ur8860383";"justicedispencer"
"ur8852424";"asiuapau"
"ur8853301";"ryanmillson"
"ur8859733";"mdt-61339"
"ur1040951";"marius-87"
"ur7200310";"sirmarkos"
"ur8330971";"scott-97332"
"ur2079400";"zardoz-13"
"ur1013712";"nandaestrelagomes"
"ur6568412";"ariahdixon"
"ur1014396";"alphasakyi"
"ur9976945";"msverdelho"
"ur1013429";"jeff_graham-53883"
"ur3544167";"MoLetalis"
"ur9267786";"stlygr-24064"
"ur1001138";"deztron"
"ur4664866";"weaponxster"
"ur1012435";"jammydodger-49329"
"ur1002183";"oliverickx"
"ur9145661";"jliang-27735"
"ur1010474";"thiago_cezare"
"ur8388523";"codytf-19090"
"ur1011396";"wolfreign-06943"
"ur6776920";"jimeetgandhi"
"ur4697057";"ybissat"
"ur1925682";"eric_kosecki"
"ur5001243";"razak311"
"ur8093219";"casahec"
"ur2658012";"premiumsrapidshares"
"ur1012855";"hassaanmd-20483"
"ur1011457";"rory_woodard"
"ur1012066";"DudesTheWord1"
"ur6115624";"gulamzulme"
"ur9751457";"similarsame"
"ur2937996";"samuel_handy"
"ur5110880";"kehaywood87"
"ur9773251";"glennmarkjones"
"ur6985630";"lucianv-47021"
"ur9768647";"scottceltic-59731"
"ur6969592";"zvezdochkapetrova"
"ur1177082";"j_ryberg"
"ur2498416";"jaakko-tammisto"
"ur8887123";"banciutarau"
"ur7139507";"jeffdreamweaver"
"ur9202630";"aksaayush"
"ur9435037";"howell-44392"
"ur8993416";"kvanhorn-96314"
"ur5350615";"etsmith1414"
"ur9824049";"nightmareonelmstreetfan"
"ur9430176";"joshuaskywalker-01130"
"ur9480531";"Kobe_bryant_reviews"
"ur4717470";"JW_Fan_1"
"ur6415531";"swtsaralee"
"ur9443451";"britneydelacruize"
"ur7265491";"laskasmarine"
"ur6890624";"sumtim3s00n"
"ur2374964";"TwistedContent"
"ur3088657";"corbiphone"
"ur9675838";"eric-91190"
"ur1675925";"demetra_lira-1"
"ur0793691";"danieltaller"
"ur4413981";"suppoost"
"ur2949732";"zach0308"
"ur3201923";"richi-gonda"
"ur4926579";"brandongusa"
"ur9680358";"MickeyTheConstant"
"ur5834731";"BabyIDontCare"
"ur4763534";"SkittlesButterface"
"ur7315957";"xara-59700"
"ur6958524";"parkerrodney"
"ur2240581";"waffle247"
"ur7670694";"itaylor-50665"
"ur2553979";"billythewizard"
"ur4539074";"Amyth47"
"ur9672435";"spgounaris"
"ur6216090";"jeffreytschaefer"
"ur6821454";"ianwarefilms"
"ur4815429";"manuelportioli"
"ur5440423";"tinhorse"
"ur5587721";"bpthom-135-461472"
"ur4458446";"Ajk2386"
"ur8951890";"NarniaIsAwesome"
"ur2335852";"randomStuff101"
"ur3568104";"bornhard"
"ur9445689";"domdom-63818"
"ur6450157";"robertolavratti"
"ur4439738";"ModishPictures"
"ur6989084";"jonathanc-20759"
"ur7340763";"travcycles"
"ur8885670";"admin-16582"
"ur3903221";"ladawnclarepanton"
"ur6392100";"curiousmolar"
"ur5116556";"IsabelM11"
"ur6378282";"andy_stone-18588"
"ur8564931";"polarbear1924"
"ur6742484";"alexandrreis"
"ur8933382";"dezriknightangel"
"ur5893465";"tk-76190"
"ur4603820";"hyperjet"
"ur6464211";"chcsola"
"ur2233603";"corpse_man"
"ur8927855";"bgrunstad"
"ur3763777";"sfgebel315"
"ur8784674";"jacob-86349"
"ur4217811";"NerdofSteel82"
"ur8240008";"sirwillisiv"
"ur5320010";"eaglescout910"
"ur9328012";"soulsplosion"
"ur1063475";"thinslicing"
"ur2715966";"Cizzurp215"
"ur1061970";"cafesmitty"
"ur8365752";"vancewinstead"
"ur9398745";"darthakam"
"ur9672083";"olivieralvarezg"
"ur7125237";"eashanvad"
"ur6738043";"dfisher-85281"
"ur8148094";"grabeeleverett"
"ur8426609";"benribble"
"ur7008576";"lidwig-92029"
"ur9612014";"lordofawesomeness-10385"
"ur7172490";"prithukvb"
"ur8464791";"vincenttciccarello"
"ur1257208";"rannynm"
"ur6247201";"hbh-77851"
"ur9660499";"bretlucas"
"ur5124834";"mara-ucelniece"
"ur9606624";"reesepaul"
"ur9590690";"ethan-33027"
"ur7198460";"chachogamez"
"ur8343496";"martindonovanitaly"
"ur2420757";"taylor_king-890-815491"
"ur0278527";"Hitchcoc"
"ur0245282";"Lotus-3"
"ur4316666";"ColoDrz"
"ur8529582";"rphshell"
"ur0109692";"Art Snob"
"ur1514833";"AlsExGal"
"ur9286414";"chloedevoy"
"ur8607012";"mhope-91601"
"ur6076563";"MarteParte"
"ur6904161";"djrathbun"
"ur3789557";"dax-jim"
"ur0613223";"theojhyman"
"ur6083670";"mhmuss"
"ur3597373";"hiphopphotos"
"ur1695817";"jfadler"
"ur3551367";"OtherShipwrecks"
"ur3685453";"bron-tay"
"ur5685397";"finebeanies"
"ur2347253";"debsw35"
"ur3094325";"bobbsaunders"
"ur1989708";"galahad58-1"
"ur4154149";"ravenclaw_girlrules"
"ur1445276";"jonathan-631"
"ur3501804";"georgiev-ivan"
"ur8632451";"saffrontea"
"ur1841244";"liamkenny91"
"ur5506989";"bijsterboschjaap"
"ur4940539";"christian-larson"
"ur3793011";"jtindahouse"
"ur6150198";"marcelosventura"
"ur8644857";"nekojiang"
"ur6296335";"dave-mcclain"
"ur6811229";"merelyaninnuendo"
"ur8079894";"mimimsy"
"ur3653072";"LuisaContini14"
"ur3969344";"rosannag"
"ur2195681";"Feature_Length"
"ur6550843";"gornasa"
"ur8640947";"charioles"
"ur8957832";"jkoot-90142"
"ur8619339";"lizims-01319"
"ur2717517";"david-sarkies"
"ur2265270";"bettycjung"
"ur8462477";"eddie_baggins"
"ur3540196";"roblesar99"
"ur7876366";"pstevens-17076"
"ur7286122";"christyreznor02"
"ur2390928";"TheTruthDoor"
"ur1391596";"jdesando"
"ur6475751";"bigbadbassface"
"ur1885960";"pappysprite"
"ur2467687";"deonast"
"ur9427412";"johanbaume"
"ur7036285";"torgersonjennie"
"ur2216444";"Troy_Campbell"
"ur2962752";"myrcea_dmg"
"ur5399033";"mjk121882"
"ur8606859";"fateema-64564"
"ur5898509";"themovieparadise"
"ur3939298";"djboudewijn"
"ur8534735";"nyhc-10098"
"ur6326535";"dwolf77"
"ur6365645";"richyfinnegan"
"ur1209866";"BobFliegel"
"ur3030678";"jimj40"
"ur8689122";"massu_t"
"ur5795148";"Tom0610"
"ur5231255";"maiajay13"
"ur3454081";"iliasalk"
"ur3347881";"ButtStuffWerewolf"
"ur4311515";"deandsouza15892"
"ur8247728";"yifeigong"
"ur9566506";"androdelov"
"ur6343191";"bagelisa"
"ur9218861";"xaviorcool"
"ur7864565";"jobwijnhoff"
"ur8332631";"mshackletonchavez"
"ur3749224";"carmelarcher_01"
"ur9462489";"rcaesar-82359"
"ur8796715";"jayceebriscoe"
"ur9143853";"jmikamclean"
"ur5846321";"jeetubhat30-233-646934"
"ur8506957";"ryanranshaw"
"ur9159027";"tinktinkk"
"ur2453183";"christinamurphy96"
"ur2057293";"herrzeba"
"ur9332172";"mikewp-86814"
"ur2257090";"piecookie"
"ur9519472";"mfrenzy"
"ur2305275";"sampah70"
"ur8832414";"roylegato"
"ur5296030";"sportsmonkey1020"
"ur4777374";"ccamp89"
"ur2069312";"momontherandom"
"ur8499289";"spencergrande6"
"ur1251326";"mills71"
"ur5786952";"bnitcamela"
"ur5174375";"akwsixers10"
"ur5719697";"MichaelG-189-212605"
"ur6917235";"BandSAboutMovies"
"ur8031028";"sakrug"
"ur0277234";"Bertaut"
"ur3041446";"neener3707"
"ur7901783";"madzima"
"ur6439204";"malehandmodel"
"ur2203308";"dslip05"
"ur5955526";"elimac-30598"
"ur7117134";"lilivillanyi-30269"
"ur6593689";"naturenomad"
"ur4572689";"daniel_flowers"
"ur8767625";"rws-74199"
"ur5941248";"timanglish"
"ur6832122";"umarsonic"
"ur8897210";"jrucklos"
"ur8867079";"colbj-49411"
"ur3424299";"drael64"
"ur8799297";"ami-48108"
"ur1482216";"borromeot"
"ur2541457";"leooconnorjr"
"ur8407672";"jokolena"
"ur8931268";"anttituntematon"
"ur1703517";"aneurysms"
"ur6083071";"pshullhou"
"ur5031062";"loufalce"
"ur8030734";"usernamewithheld"
"ur7960554";"jimhughes-87084"
"ur8896748";"chaerograd"
"ur2854841";"Rodrigo_Mauro"
"ur8880884";"jwblough"
"ur6426498";"Tweetienator"
"ur8367306";"markrkelley"
"ur6440749";"rmmahoney-67535"
"ur2709821";"jk6538"
"ur2324004";"kjproulx"
"ur1890159";"outofspace-1"
"ur3982768";"charlie-krausse"
"ur9983981";"normando40"
"ur7443285";"tkmcc-08780"
"ur0541240";"tallard"
"ur0438066";"TxMike"
"ur8451353";"EnoVarma"
"ur3502301";"Dan_Sun"
"ur5611851";"wrightinchicago"
"ur5260082";"TheOneThatYouWanted"
"ur6068923";"Fiahm"
"ur9136035";"burenmaurice"
"ur2045764";"BlurayAddictAU"
"ur9024152";"godwinj-70513"
"ur7429367";"kasparslabais"
"ur9576588";"valfatout"
"ur2187657";"jesser299"
"ur3951755";"ThomasDrufke"
"ur4923143";"DrD3"
"ur9105178";"neo-50560"
"ur4915915";"arfdawg-1"
"ur1614879";"rkrainak"
"ur5503506";"nigelmacdonald"
"ur6394478";"keziaprice"
"ur6389655";"gem456"
"ur5906056";"MovieCriticOnline"
"ur9063940";"nby-83430"
"ur9096202";"zhh-36945"
"ur9027628";"Stephanie-Naderi"
"ur9088622";"howardlongstaff"
"ur9034614";"chantal-pastorek-bigniggs"
"ur9056922";"a-82530-45716"
"ur9120573";"deangrey-white"
"ur9078292";"anitacharran"
"ur1012558";"lipsurulma"
"ur9021723";"JanePhilpot"
"ur9588122";"yqokkicj"
"ur7838314";"i-08646"
"ur8125926";"goudelock"
"ur0163208";"Scott-344"
"ur9519071";"j-17984"
"ur9149476";"plq-65010"
"ur8561011";"stasapfob"
"ur6289890";"kevlovski"
"ur7141301";"deannie-98983"
"ur8348927";"samantacoraci"
"ur6808754";"rabbitmoon"
"ur7870949";"guyacdm"
"ur2052903";"Naughtyb"
"ur1493052";"socrates99"
"ur6524988";"lcn-89903"
"ur4472116";"dirty_chords"
"ur3358044";"daniel-dippel"
"ur0096314";"fallyhag"
"ur6657166";"brianjsmith-86408"
"ur4998475";"bobzmcishl"
"ur7377178";"gibbo-77205"
"ur5649112";"phil-160-338997"
"ur1801441";"cliff_bd"
"ur5010562";"ozjosh03"
"ur2234923";"mkaronis"
"ur9958471";"rac701"
"ur8869927";"aylwardpaul"
"ur6316808";"peggynight-24258"
"ur9213994";"ymyuseda"
"ur9397422";"simonhowe-35017"
"ur2412982";"biggiebaby"
"ur6853566";"marconjx"
"ur2205597";"mjsparker"
"ur1010296";"deeble185"
"ur9389042";"duncl-68438"
"ur9397718";"generalthought"
"ur1073403";"DosLenyos"
"ur2747081";"rupert-ian"
"ur8780846";"jackgdemoss"
"ur5064211";"facebook-923-997082"
"ur6457842";"Stig-12345"
"ur5750860";"Scottizzle"
"ur6216091";"hasanbolkiah-91427"
"ur8779986";"NotoriousMayhem"
"ur3015864";"axlem2000"
"ur6460375";"siriusly1986"
"ur8105590";"mitchellbieds"
"ur5769186";"cruise01"
"ur6765102";"Takethispunch"
"ur8568359";"donkeykong-66104"
"ur7060941";"phanthinga"
"ur5630161";"kyairaburnett"
"ur6958254";"inkthestreetac"
"ur3646903";"danwatson_danwatson"
"ur8491032";"gabrielmorenocorredor"
"ur5042358";"Figgy66-915-598470"
"ur3709487";"casmowill"
"ur5479752";"ripleyspussy"
"ur7582293";"austin-65005"
"ur3519369";"dpb0402"
"ur6587287";"briantillman-05049"
"ur6820091";"phmoons-33848"
"ur6423322";"besiktas-40743"
"ur0482513";"Leofwine_draca"
"ur7979228";"AverageJoesDriveInPodcast"
"ur1797115";"vikram-polasa"
"ur1196840";"ricemuscle"
"ur2276145";"mhorg2018"
"ur2341502";"moviexclusive"
"ur5022607";"sarahbriggs79"
"ur5508322";"jwcstorage"
"ur4961876";"Silberfalke"
"ur8742290";"stella_iz"
"ur3528329";"stevienic73"
"ur2440884";"jjdausey"
"ur8281637";"achan-93046"
"ur9312663";"flschaumann"
"ur6582397";"vegagolfer"
"ur3160218";"davedegroot"
"ur8462281";"roxannezunni"
"ur3094046";"chrisbrady1"
"ur4846245";"ccrisss"
"ur6034355";"andrewestrella"
"ur9139675";"babybenz-41229"
"ur4602868";"lnedwards"
"ur9724457";"howard-85268"
"ur1373598";"thomrobbin-1"
"ur9643686";"rsmithsd"
"ur6146250";"princessrb"
"ur8465599";"brianjohnson-20043"
"ur8205185";"peterstanger-51569"
"ur7504391";"pjdesmedt-99161"
"ur2284956";"rnjc3"
"ur5887740";"vinylvanilla"
"ur7501175";"andypratt-39170"
"ur6695319";"andrebacci-88902"
"ur7102121";"andrewroy-04316"
"ur3729060";"Steanandtracey-512-702260"
"ur4829355";"solange-852-667102"
"ur2289933";"KarenAM"
"ur9884610";"geckodave"
"ur1578054";"richard-1787"
"ur9739827";"rstpierre-03069"
"ur3384680";"xxLucarxx"
"ur2630279";"ajr93"
"ur6018455";"edwardfdzzz"
"ur6863085";"Eclectic-Boogaloo"
"ur1296280";"Alexander_Blanchett"
"ur6892576";"masonrobledo"
"ur5937171";"bolehornot"
"ur4830945";"martinlschneider12"
"ur5402102";"lbenot"
"ur4888011";"lee_eisenberg"
"ur2898520";"SnoopyStyle"
"ur6343081";"davidhildick-smith"
"ur7768175";"jackwarchibald"
"ur4053941";"adiakiw"
"ur2263198";"paulclaassen"
"ur8949966";"mattbloom-23962"
"ur8693274";"ewzzang"
"ur2529857";"moinmj"
"ur9895401";"pjaycuk"
"ur9651251";"pb-05596"
"ur1090944";"dierregi"
"ur9784636";"amandahenderson-93295"
"ur9195554";"caseely"
"ur6799780";"lilianamawer"
"ur2262372";"kosaldo"
"ur3081798";"johnnychoufani"
"ur3868416";"newtexanbabe"
"ur6457885";"mpepio"
"ur6811716";"ernestopa"
"ur5866184";"docmus-240-405250"
"ur5015072";"km-equines"
"ur9228677";"drhoads-93743"
"ur2301486";"Flusenboy"
"ur9910465";"nicodresseno"
"ur4380053";"johnofardeal"
"ur3570125";"suspence8526"
"ur9905212";"rmolc-03074"
"ur6819932";"abedshaar"
"ur2403056";"Nessus85100"
"ur1002612";"jjlaw-28250"
"ur7096663";"aphager"
"ur8166769";"nickiquist"
"ur1761548";"Darkwalker173"
"ur2949688";"jwwalrath-227-85487"
"ur1254401";"natygance"
"ur8874834";"msgobbajr"
"ur9140155";"louish-38117"
"ur4794845";"rivera-ricardo"
"ur2293256";"eccanz"
"ur2474259";"paniwala"
"ur1722352";"wadler345"
"ur8738291";"robertjcottrell"
"ur8118225";"vijaysurendran-43093"
"ur8326937";"eddiewano-52402"
"ur6604590";"matrad-61706"
"ur3477814";"sirgarrykay"
"ur5905389";"YourMyWifeNow"
"ur5650774";"pennaneac"
"ur6805300";"zaebali-47676"
"ur5271327";"zuin-brayden929"
"ur7678394";"surferscake"
"ur8115752";"alihandemiral"
"ur2275151";"Chiller7"
"ur7117402";"breneff"
"ur8347577";"gianthaole"
"ur4061961";"Eumenides_0"
"ur8786391";"bellalikespink"
"ur2488434";"arabnikita"
"ur2304671";"balthier03"
"ur6510642";"Yee_Reviews"
"ur2812446";"saarvardi"
"ur3680934";"unbreakable1976"
"ur6201371";"cricketbat"
"ur8927036";"MadMax2710"
"ur8277568";"sobelman-38406"
"ur2087174";"LloydBayer"
"ur7041679";"The_Technical_Revolutionary"
"ur7911881";"msbreviews"
"ur6794508";"trollerbrendan"
"ur6914538";"steve-09684"
"ur6101711";"rkessleruv-68626"
"ur3092847";"karlcloono"
"ur5714497";"rayan22-186-745119"
"ur9851820";"lammlerylan"
"ur3532938";"esferdez"
"ur9474411";"randlxsr"
"ur7265186";"cshafkat-79041"
"ur6986418";"elliotjeory"
"ur5564906";"jeff-cossey"
"ur6394314";"eurobalauru"
"ur8878374";"kowgirltina"
"ur4771659";"the_remixer08"
"ur2312948";"Vivekmaru45"
"ur6922753";"water708"
"ur4830809";"bastille-852-731547"
"ur2305906";"dbarnetth-700-270683"
"ur8280564";"gizzie-40424"
"ur2964064";"MikeC19"
"ur1665252";"dwstahlrr"
"ur1996691";"tomsan84"
"ur1928178";"flatfootcdb"
"ur8271061";"andrewshaw-58330"
"ur2598243";"Schuriken"
"ur0590020";"anniegaybis"
"ur3062311";"leevanmeter7"
"ur6619849";"alexb-55137"
"ur8329932";"jtodegard"
"ur3038860";"pierce-horan"
"ur6857763";"tstudstrup"
"ur2364130";"rene-806-6219"
"ur6119006";"bbretall-1"
"ur3198549";"paulcheus"
"ur4930728";"biont"
"ur1603851";"The Fresh Prince"
"ur9247630";"tomadama"
"ur8020045";"izartirta"
"ur1705177";"Atani"
"ur7066053";"wwwamincom"
"ur2745165";"h_ary_potter"
"ur7841782";"kojap"
"ur2901828";"gddss136"
"ur4569900";"Prismark10"
"ur8976543";"rapokermaaan-09879"
"ur2282697";"Chris_Mac_25"
"ur8895420";"jack-54130"
"ur1693502";"jean_bob_99"
"ur4732392";"mhaaa24"
"ur6236133";"noellengineering"
"ur2285234";"musiqliblessed"
"ur9142856";"Reviewer64646"
"ur4374713";"yajaira2132"
"ur8351037";"zhangshikai"
"ur6322971";"stuartwoodley-58722"
"ur4733794";"jg_1977"
"ur6902264";"evil_twin_in_training"
"ur2865744";"raven-sirius"
"ur3754430";"Padreviews"
"ur1616919";"Red-Barracuda"
"ur8251240";"sohn717"
"ur8384356";"rmpower-32100"
"ur5722261";"ghetarr2001"
"ur8900648";"lexxie-73045"
"ur3990948";"allisonlscates"
"ur8253530";"birch_2000"
"ur1531131";"Sleepin_Dragon"
"ur2486335";"zogarreal"
"ur0860599";"sepetcenk"
"ur2088017";"aj200201"
"ur3602509";"hbreed99"
"ur9268790";"ericcglwrc"
"ur2258786";"letande"
"ur9562369";"ParallelFalchion"
"ur7154860";"mark-26624"
"ur3218373";"MpGrill"
"ur2027197";"michaelmccann-1"
"ur3005737";"rachit666"
"ur1299093";"PeterDuck"
"ur9246938";"mattryanking-96366"
"ur9270074";"cosmaprc"
"ur6193725";"syed-00500"
"ur2875188";"sosophrank-194-714974"
"ur7088361";"ault-73715"
"ur8778830";"voitovsdaniels"
"ur2324663";"danielaustin-735-484497"
"ur9271609";"rok-hard"
"ur9329617";"nacho-c"
"ur5799591";"abria87"
"ur2774841";"running_with_scissors"
"ur3256158";"mrpjspencer"
"ur2473327";"atomikbuster"
"ur2205332";"tha_hawk"
"ur4199560";"ttster777"
"ur9276957";"dan428"
"ur5202515";"paul-973-352889"
"ur8485464";"dklaa"
"ur8511202";"dgstewart"
"ur4546131";"jimmycoffin-751-212853"
"ur4391989";"thausilveira"
"ur3146136";"siderite"
"ur1085096";"preservedprivacy"
"ur8591696";"andreibelcu"
"ur4496441";"mrfletch-735-880732"
"ur8062815";"rowlandcollege"
"ur6462947";"peterkirwan-76657"
"ur3335996";"robbinn-354-691035"
"ur2425936";"andrejy601"
"ur6337045";"finraziel"
"ur6400865";"ericlai"
"ur8488697";"ivanherrejon"
"ur8726381";"slimaneamin"
"ur2612147";"karlvuk"
"ur6742248";"rebeccastaver"
"ur9694003";"rosalind-softchoice"
"ur9648892";"o-14362Matteo-salvini"
"ur8890024";"pmailman"
"ur9802255";"Rachel-shashana"
"ur9314081";"lxsjhyad"
"ur9401749";"fmn-80422"
"ur1771955";"the-n"
"ur5766855";"nmlb42-204-413753"
"ur9323495";"aurelie-90030"
"ur9321340";"fwj-33194"
"ur8024626";"huey2088"
"ur9310474";"zmtxnbze"
"ur3313871";"kean-diao"
"ur9359588";"crcybjia"
"ur9243891";"gahytutg"
"ur1013532";"frejuphotr"
"ur8136382";"oqw-78850"
"ur9139066";"lxd-27623"
"ur9185107";"fuuoegbi"
"ur9204384";"Larry-Donalds"
"ur5712010";"malty-185-488337"
"ur9141214";"yuxcbmxl"
"ur1622292";"heroes-omar"
"ur9155775";"tts-69850"
"ur8798276";"brian_dines"
"ur4354901";"drm2642"
"ur4720735";"anama98"
"ur3588305";"gcarpiceci"
"ur6063588";"a_mind_astray"
"ur7826013";"zkonedog"
"ur6528857";"goldstones-33592"
"ur4462196";"bdsam385"
"ur6609440";"zack_gideon"
"ur2592267";"gabrielgiurca-39-500548"
"ur1902184";"Rediith"
"ur8489172";"contact-86263"
"ur5623031";"funksunone"
"ur9705309";"roxanneallen-70349"
"ur8330643";"fletchy-57354"
"ur9342281";"gerimease"
"ur8525938";"maximusa-22603"
"ur1268646";"lubuzhoutai"
"ur2403979";"cjb_smith"
"ur7003018";"rdmcflyers-95247"
"ur9495951";"tonyaydiner"
"ur8904293";"Chazzzzzzzzzzz"
"ur1085707";"phyphor64"
"ur4509665";"randalrauser"
"ur3572594";"peterp-450-298716"
"ur8826263";"h-97829"
"ur9605429";"bob-debenham"
"ur0295257";"Nogami"
"ur9392605";"g-80881"
"ur3543534";"najouamalih"
"ur9597833";"betsyzinke1972"
"ur9054348";"wet-55646"
"ur8687031";"hasanccan"
"ur5961925";"lucazauli"
"ur8242457";"lukaseker"
"ur2982756";"amartin007"
"ur4836671";"huynq-omg"
"ur8766801";"azamralelokay"
"ur1829315";"makeham98"
"ur1697705";"neilp"
"ur2385865";"kuarinofu"
"ur4783590";"Gordon228"
"ur8672696";"rubyslippah"
"ur6482850";"BeefJStag"
"ur2811184";"keitaro3660"
"ur8247094";"kevinllululala"
"ur8665760";"rfgod"
"ur2678354";"umaeva"
"ur9007647";"laksheyk"
"ur4425608";"gareth-robinson407"
"ur6074752";"tonyjcole94"
"ur1897065";"Fella_shibby"
"ur6760240";"robinalers"
"ur6164409";"lm-70197"
"ur7052481";"seandcarroll"
"ur5389659";"lewismusgrove88"
"ur9215254";"m_zoli_zed"
"ur9089094";"erickfrds"
"ur8555857";"abhrajitvaio"
"ur2485180";"Symbiossys"
"ur9219916";"sohaibuniline"
"ur6248957";"nimdude"
"ur2202741";"blakegill"
"ur3347474";"sanimsadiq7"
"ur9234192";"brain-anger"
"ur9129875";"carmendanielapatrascu"
"ur2705966";"spreetamnaik"
"ur6634691";"j_glentzes"
"ur6101290";"krijenmohanlall"
"ur2220765";"layton76"
"ur9837916";"kariiiwhitaker"
"ur9783891";"rpgisus"
"ur3566923";"lojitsu"
"ur9404257";"jdamaso-50871"
"ur4052035";"thefenna"
"ur4128586";"doctord-1"
"ur1621858";"MWNiese"
"ur5567250";"dzwilliams"
"ur7997165";"cquinn-57992"
"ur5852320";"mark-doster"
"ur3560071";"rnspirit11"
"ur9148974";"mail-82544"
"ur5172858";"bryanarredondo4"
"ur9485833";"dmdm-00472"
"ur4355026";"ojadran4"
"ur9654343";"devojceetza"
"ur1072672";"TribalWho"
"ur5554653";"recklesscow"
"ur9230228";"alicepetit"
"ur3552159";"serdargungor79"
"ur4450143";"brandonben27-719-482387"
"ur9477053";"taylstac"
"ur5930465";"TateJ3rd"
"ur9904597";"The-honest-critic"
"ur5345919";"na_icecream"
"ur4426189";"gerry_barnaby"
"ur1469530";"jameswwfilm"
"ur5429879";"tercza-brigitta91"
"ur9895502";"awko-21111"
"ur9871317";"idzwanismail"
"ur7215126";"mmccauley-52309"
"ur6198289";"warren-87235"
"ur2284517";"soultakerneo"
"ur3413563";"ArieVianza"
"ur7206673";"awgoodner"
"ur1001401";"cultofthepatriots"
"ur9873550";"radiktyalaksono"
"ur9911690";"andrewquaza"
"ur1369725";"Tarantulo"
"ur2789179";"whosjohnny-148-605982"
"ur6032869";"syahmi-91968"
"ur7135436";"jditch"
"ur9874834";"linnjsl"
"ur9116225";"prairiewalker"
"ur5765271";"dante_x22"
"ur3973336";"bobsterzero"
"ur4348649";"marcus-hultin"
"ur3619988";"martinlucas-469-207968"
"ur7458851";"philipposx-12290"
"ur6295393";"alex-1250"
"ur8301383";"ruthann-4"
"ur9404028";"katemcameron"
"ur3321636";"doveed"
"ur4691199";"jburtonprod-802-759029"
"ur1997221";"portmanrobson"
"ur3100218";"chris-278-208073"
"ur6571033";"hlahorner"
"ur3466444";"philip-davies31"
"ur7947123";"frosts-66091"
"ur3519738";"vidagabi-429-803187"
"ur9219136";"arlosanchezofficial"
"ur2992113";"chris-burgess8"
"ur6774857";"brandonjmccain"
"ur9531907";"MbeckMovies"
"ur6603426";"bobotn-15209"
"ur9528059";"tiki_chik"
"ur8069380";"Holt344"
"ur5426839";"marmac32935"
"ur7918721";"chevolek"
"ur9563398";"randomemailadress"
"ur8862906";"endocrine-1"
"ur2879688";"tmaslov63"
"ur2650889";"viddyd33"
"ur0149970";"Shijuro"
"ur2442997";"jonathan-916-94328"
"ur2661076";"saccitygrl"
"ur8426794";"ancienttome"
"ur1001750";"knifemagnet"
"ur6829572";"moviegeek151"
"ur1878251";"Matt_Layden"
"ur2048915";"arriva"
"ur8516122";"johnsandy-94349"
"ur3561887";"shawthingproductions"
"ur3562149";"alan-conran"
"ur8543923";"steffacebook"
"ur8517793";"pipinbunny"
"ur3159746";"nico-palou"
"ur8519188";"grantonslow"
"ur4514071";"Rincewind799"
"ur7053879";"stevehirjak"
"ur6463416";"nickyates-42088"
"ur6686263";"ario-34119"
"ur6174577";"mauritspetri"
"ur8072396";"davidhazova"
"ur3069760";"dothancore"
"ur6849139";"MickandRorty"
"ur1683343";"mycannonball"
"ur3917931";"fletcherc21"
"ur2602889";"dondutton"
"ur2942904";"hummam"
"ur1057207";"sunintended"
"ur8259867";"liamhorsfall"
"ur0191626";"BibChr"
"ur4867567";"paul-allaer"
"ur7372854";"school-11545"
"ur4572033";"ScottBang"
"ur1452587";"davidarcher"
"ur6621798";"daniele-iannarelli"
"ur7256799";"EskeRahn"
"ur6028725";"sammie-75089"
"ur2428976";"DaXia"
"ur4063561";"mcarthur_chris"
"ur1500643";"matty-j-1"
"ur2510062";"fritzlang"
"ur5083582";"bnemec-929-478125"
"ur6077350";"shiorichuu"
"ur2055275";"TheLittleSongbird"
"ur4375485";"pinemaples"
"ur5479849";"michele_h2011"
"ur6205653";"eagleey"
"ur9118000";"paul-69561"
"ur7005428";"kaptenvideo-89875"
"ur0715971";"southdavid"
"ur6104493";"krbodkin"
"ur3167600";"jwheezie5"
"ur2436527";"Aktham_Tashtush"
"ur9460465";"CerridwenHawk"
"ur0088149";"GeNioS"
"ur6826544";"guyadiangold"
"ur5045514";"maria-e-schmidt"
"ur5757167";"jd_bugman"
"ur2339196";"pensacolacomputer"
"ur9008001";"shorrockpeter"
"ur6630081";"Tomas_buffay"
"ur6778031";"pokedom"
"ur8682720";"WHBower"
"ur1483053";"amanda-552"
"ur3270108";"db53tg66"
"ur8597768";"womenarebetterthanmen"
"ur4838021";"marco-polo-tomlinson"
"ur4935905";"roxana-ehsani"
"ur2252972";"CitizenKaneAAAAA"
"ur3479723";"elparkeeto19"
"ur5552955";"adam-may-bower"
"ur5336346";"michaeledward1212"
"ur2714425";"marten-112-513286"
"ur8641860";"derand-89867"
"ur5810602";"tt22015"
"ur7284796";"calumgrieve"
"ur7998697";"drudesandstorm"
"ur7790127";"redross-75563"
"ur5708330";"karatechopbigc"
"ur1090292";"2001ASOfan"
"ur6594454";"mauriciofernandogerhardt"
"ur0609951";"kevin c"
"ur3211030";"adensiegel"
"ur8650525";"thekingsdom"
"ur4987184";"fabi-sp92"
"ur2318863";"saadgkhan"
"ur2700612";"tonyandaprilfrazier"
"ur2554960";"Andreashairu"
"ur6015144";"jeffreyhickman"
"ur1636860";"Eric-Bednarowicz"
"ur2805460";"chaouachiyoussef"
"ur0806494";"ferguson-6"
"ur2804233";"zombieskeagan"
"ur1989058";"DJKwa"
"ur8374144";"coolkevinsmith"
"ur3335357";"draganaa-o"
"ur9295741";"machine-73122"
"ur9327788";"tina-18872"
"ur3738496";"fascoyne"
"ur7150233";"rahulthomas-07708"
"ur4246084";"ttombailey24"
"ur2965840";"chrisco-235-319795"
"ur8847953";"ashleyander"
"ur9246264";"gillarielle"
"ur9145939";"abenezerberhanu"
"ur6520536";"chmuptacular"
"ur8130634";"lewtrah"
"ur4093781";"Zachary_goodwin"
"ur8038701";"newell00"
"ur3492062";"stebai66"
"ur9402074";"lempkecoleton"
"ur2569297";"allen03-25-757124"
"ur7269123";"anushalolzz"
"ur2327580";"djac13"
"ur6018474";"andreanthonyfoster"
"ur7597311";"lamonsie"
"ur3694919";"mindofchester-499-87705"
"ur2826076";"joeduttonx"
"ur9221337";"kmatej-25435"
"ur9874833";"thechair"
"ur5947326";"ptheaul"
"ur6499019";"aliases-53334"
"ur2417082";"mail-885-983402"
"ur3019234";"rick-255-406003"
"ur9710338";"elieatallah"
"ur9680843";"taukais"
"ur9718782";"pcapistrano"
"ur8595092";"dennislarmour"
"ur5433162";"noelleinc"
"ur9704204";"christopherabird"
"ur4529042";"jmzmflowers"
"ur5522900";"sushantmondal-107-897066"
"ur5134577";"diazmanuel836"
"ur9642510";"ahpalmer"
"ur8503729";"namashi_1"
"ur7861526";"sorenmike"
"ur5534404";"hjemmefra"
"ur8487127";"ryanfortier"
"ur2551053";"Franciscorosell"
"ur9800479";"reeltimeflicks-81729"
"ur2685228";"nikbak"
"ur5752173";"daniel-85197"
"ur5439017";"rverity65"
"ur9701152";"brandon-24903"
"ur2541582";"Sebtorres03"
"ur7668338";"pgancarc"
"ur4123939";"parduet77"
"ur1219325";"r groth"
"ur4007187";"My-Two-Cent"
"ur4062408";"Darth_Osmosis"
"ur6016890";"jpgamer-37327"
"ur2509460";"ruffrog"
"ur5291660";"carolynflavia"
"ur8391621";"endideveja"
"ur3613088";"ChrisTreborn"
"ur4510068";"akcrouch-739-989753"
"ur6707367";"DeadMansTrousers"
"ur8511968";"dkwestbrook"
"ur6063915";"Fields201"
"ur8399700";"theimberg"
"ur8665401";"andres-98747"
"ur1606763";"harry_tk_yung"
"ur8839646";"bronsonempsall-97918"
"ur9560497";"lokelberry-34051"
"ur2582239";"digitalbeachbum"
"ur3411675";"pincerfae"
"ur9572093";"not_impressed_again"
"ur3527178";"KomalSg"
"ur5807891";"arbuda42"
"ur2973728";"Thekeybaldemasterrises"
"ur9563271";"a_arauz"
"ur9567225";"jonathonleopold"
"ur6319241";"jordanfirestar"
"ur6583412";"opiateforgiveness"
"ur8059152";"francescobrosolo"
"ur9603278";"stilljm-87049"
"ur9557647";"srichardson-39107"
"ur6813439";"samyoung-82648"
"ur1966690";"jdthird"
"ur9627443";"lucydady"
"ur9499120";"lan-75831"
"ur5682509";"luke87789"
"ur9559491";"helloachiig"
"ur7205152";"aschmidt-05590"
"ur7835032";"ghuddleston"
"ur1681715";"Fredolow"
"ur2366101";"naregian"
"ur3866280";"carsonschmitt8"
"ur0453068";"MisterWhiplash"
"ur1564873";"fayyaz-acamar"
"ur4133540";"kenmoriarityjr"
"ur3270948";"mrlasvegas2u"
"ur3217850";"TheDevilsNotetaker"
"ur2799485";"cableaddict"
"ur1608368";"moofee"
"ur2248716";"kirbylee70-599-526179"
"ur8233827";"nazekid"
"ur6170031";"ncircularruin"
"ur9512500";"mcoats-71101"
"ur3427047";"Clive_Dexx"
"ur8005474";"gloopy-45239"
"ur8394014";"mblakey33"
"ur2295634";"kluseba"
"ur8465519";"mloentertainment"
"ur4031677";"Jillian_Randell"
"ur7785769";"coopde-88684"
"ur3751439";"The_Film_Auditor"
"ur9838626";"edwardjsmith-02090"
"ur2633704";"nikosxen"
"ur1007667";"blackchex"
"ur6513001";"Lancaster16"
"ur6464068";"pere-25366"
"ur1826877";"ksmart73"
"ur3063732";"Finfrosk86"
"ur6306127";"hackfox"
"ur7626295";"billybacktown"
"ur1004305";"dandez88"
"ur2383002";"One_slice_of_pizza"
"ur7392639";"timowens-84581"
"ur5169198";"sergibarjuan12"
"ur5578355";"wayneradams"
"ur1007580";"chase-96792"
"ur7912397";"dawidmadar"
"ur1099431";"pacman-81"
"ur1007451";"adomaitytevika"
"ur6558478";"marcdowning"
"ur6451648";"samanthaproctor"
"ur2545344";"tomek-sulkowski"
"ur2724281";"rishabhsinha2611"
"ur6307072";"colinozz"
"ur8593232";"slhaokippublic"
"ur8313406";"magnum-ajt"
"ur8241958";"andymclennan"
"ur2031960";"psychotico"
"ur5251750";"bledingham74"
"ur1694915";"MJL_Uncensored"
"ur9625796";"dtnmusic"
"ur6740429";"gashf-86701"
"ur9589916";"dollsteeth"
"ur4468399";"vladanzivanovic"
"ur5801479";"julianvargas-216-67657"
"ur5833532";"DomNickson843"
"ur9641365";"ashishbedi-69472"
"ur5957019";"dchowdhuryfilms"
"ur5778024";"c-klinger"
"ur1729782";"cockycorkboy"
"ur9599365";"agent-37455"
"ur6390870";"ronaldon-16019"
"ur5899297";"ericoancea"
"ur7888718";"rickyspanish-06172"
"ur8639213";"WVfilmfem"
"ur1840804";"danielledecolombie"
"ur7449758";"derk144"
"ur1196243";"kingsgrl2010"
"ur9562613";"karlorsen"
"ur1325844";"M_Exchange"
"ur8507529";"finnzboyln"
"ur6567424";"papaavtar"
"ur2619152";"Mrbigham13"
"ur3416425";"sonofasailor1998"
"ur8299557";"EderR28"
"ur8981061";"florin_min"
"ur2322899";"james-patrick-732-463468"
"ur2683982";"rembert-schofield"
"ur6896892";"stevenbyrd"
"ur8131267";"mellbell-56180"
"ur8160592";"bortx-07707"
"ur9876751";"zurd-85685"
"ur9352172";"ff-35329"
"ur6543946";"nrau"
"ur7840385";"novagirl11"
"ur6930429";"UCantHandleTheTruth"
"ur8694938";"krishkhatiwada"
"ur9516950";"helenamfsoares"
"ur5699328";"mauritsjacobs"
"ur8213897";"danielfnemes"
"ur8077550";"winnermd57"
"ur6752753";"jasonwhite-19878"
"ur3575809";"kees-kleijmeer"
"ur7510576";"iamjacksmoviechannel"
"ur3100637";"Field78"
"ur7212185";"simonpetri-81093"
"ur9443211";"thomasgabs"
"ur3908925";"fabio_mendes1"
"ur9603960";"Mr_mcspicy032"
"ur9274056";"bocekvecicek"
"ur8478074";"CountJonnie"
"ur2118261";"Quebec_Dragon"
"ur7356650";"wwwranga"
"ur4837122";"joanedoterceiro"
"ur1745169";"rcroman2004"
"ur4597520";"jonas-wachner"
"ur1003686";"rahuljagdish-75872"
"ur2201648";"srwenk"
"ur3406468";"RobTortureWright"
"ur2761126";"abuashraf73"
"ur7634713";"ajaytejthalari"
"ur9852268";"screenotes"
"ur9810728";"unnamed-32145"
"ur1126615";"chet19"
"ur8540208";"garnet-30306"
"ur7976824";"wesreidel"
"ur3417035";"marcshank-388-582372"
"ur4846407";"nonamed_145"
"ur3369399";"ricochet93-369-308802"
"ur1024526";"cullen-mauritzen"
"ur9264885";"joey_k-74060"
"ur1989289";"Floated2"
"ur1776197";"filmklassik"
"ur6479772";"deschinc"
"ur7496126";"jeffreyaye"
"ur3414451";"neilhamilton79-387-567188"
"ur6603583";"robertcooksey"
"ur1500045";"mimi232"
"ur8147970";"karlkennethwatson"
"ur9136110";"lkgrox"
"ur5269734";"ronb767"
"ur9133403";"hjascroft"
"ur8366043";"jessklumbach"
"ur9151182";"nappleton-47118"
"ur9477012";"tobyqrhuang"
"ur5306564";"ashleighwil01"
"ur1602860";"Fizzle_Talks"
"ur4061812";"SaidNDone"
"ur6290498";"srogers-36968"
"ur5647150";"amycakes1958"
"ur9172849";"timlauterbach-52741"
"ur7027017";"Nine-Tailedkitsune"
"ur9179208";"claraaaa-29087"
"ur7800192";"koolkathy-30288"
"ur6493657";"rbayne-19919"
"ur9108579";"shaylen_sanders"
"ur9141919";"sorliesimen"
"ur5640027";"freya-156-902807"
"ur3514525";"LuckyAmanda13"
"ur6037872";"wizards-03318"
"ur3056899";"andersond-266-146287"
"ur3484989";"liveyanne"
"ur2352394";"lee_murcutt"
"ur6490801";"grilices"
"ur7451458";"andreamars"
"ur0945710";"kriegerg69"
"ur4925373";"ikizdevran-882-254684"
"ur4896963";"Kira_bella"
"ur1904663";"redb38"
"ur9038021";"margozubova"
"ur8064124";"sunisfun-99372"
"ur6041051";"rob-80272"
"ur9048420";"karen_oglesbee"
"ur6251613";"GerryofNorVA"
"ur4643028";"karolinejen"
"ur7034989";"katy_charlton"
"ur5329864";"caroleharnoff"
"ur7524938";"mignonnebusser"
"ur7527600";"Louis_Bacon"
"ur6690565";"leobrodin"
"ur8585123";"rosalindsmith-85036"
"ur3287899";"tonje_thor"
"ur1035050";"kopec_chavez"
"ur9057459";"draymany"
"ur9037284";"bluegreenandred"
"ur2003387";"thehumanwritesproject"
"ur9496344";"nickbolton-63999"
"ur4943749";"akkjell"
"ur2518128";"bdlilrbt"
"ur9614441";"netraam-94404"
"ur3656381";"gokeadegbayibi"
"ur5857315";"jeffellis92"
"ur8863019";"charliehmi-08468"
"ur2990510";"jayanatha76"
"ur0106280";"jimcheva"
"ur1388672";"alohatwou"
"ur9493464";"jackstevefitz"
"ur9414524";"spidaman-05614"
"ur7383435";"johndoyle-90516"
"ur4661299";"brianljohns7"
"ur5619756";"girvsjoint"
"ur4524925";"Michele7169"
"ur2108515";"wadesrmail"
"ur7955515";"unyan"
"ur3338448";"flashbatmanquestion"
"ur7435010";"muahmed-35601"
"ur3349675";"christhebeard"
"ur6768430";"yeycdlwk"
"ur8170534";"jakebirkel"
"ur9500947";"dynamiteheaddy-43387"
"ur1168698";"gregthmann"
"ur9640192";"puniaamanpreet"
"ur7038209";"romanhussain-12161"
"ur8625910";"ocr-94520"
"ur4245778";"kumingz"
"ur7427611";"danielwlottering"
"ur8672510";"chiragchakraborty"
"ur9597420";"alzisdabest"
"ur6538153";"mohazeram"
"ur1009692";"scarlet-01465"
"ur2041261";"aletoledo"
"ur2447388";"l_iremadze"
"ur7024900";"thetanmaygupta"
"ur9604722";"yazan-prime"
"ur2670846";"mphillips30"
"ur9415430";"ansharism"
"ur1014081";"johnchristianpallavi"
"ur8770494";"divitpatidar"
"ur1011240";"davewest-38619"
"ur7783989";"johngifford-01940"
"ur1280007";"bobsaunderson"
"ur3291533";"jackscheske"
"ur7155104";"hatfieldmwj"
"ur6586594";"jonjonzz-64716"
"ur8641294";"maruugaa"
"ur3654712";"IMDaBabe"
"ur8763010";"rak-46012"
"ur8864184";"normanw-70394"
"ur4867839";"chuck9189"
"ur8712941";"sacerongray-96208"
"ur6541722";"mjz-50082"
"ur8564029";"ivodepping"
"ur6480248";"rich_xnp"
"ur6746869";"sydbuyer"
"ur8710223";"xlethalx-95371"
"ur6432470";"weezd"
"ur8593129";"timeblank"
"ur8761704";"bigdoggjff"
"ur5390383";"CinematicInceptions"
"ur8445795";"kubilayorcun-01476"
"ur8493655";"semylogy"
"ur6778864";"ozge-figen"
"ur4944914";"alperdoganozturk"
"ur6768220";"methB-35"
"ur6459562";"kemalcanocak"
"ur8774237";"imdb-70266"
"ur8344899";"metehanyengil-84091"
"ur5584038";"kaanavcu61"
"ur4069474";"emree_z"
"ur8542385";"egeturkuler"
"ur8474755";"saygnkarabulut"
"ur8481351";"canermemis"
"ur8693779";"pandeamonnn"
"ur6921493";"atabayraktar-97086"
"ur7918940";"iskatran"
"ur8504936";"omerkartak"
"ur5617080";"suleymancansirin"
"ur8459142";"elmasbasakgoren"
"ur8905927";"frescolevo"
"ur4381475";"barkin_g"
"ur9437893";"WizardDerv"
"ur8834208";"gabrieltmmbady"
"ur4882676";"miamirains"
"ur9163209";"yagizhanburak"
"ur7625625";"benharley-67507"
"ur2012961";"Krush_Burner"
"ur3095921";"jrugg19"
"ur5352796";"kellvallon"
"ur3624629";"aciessi"
"ur4869919";"burcak-baskan"
"ur6060370";"dlbearcave-2"
"ur6450958";"benj-20839"
"ur5412694";"aramsdale"
"ur7872608";"GoldenBlunderbuss"
"ur1628903";"Matt345"
"ur6447748";"JalilOfficial"
"ur3457786";"snt043005"
"ur6528673";"danoftheworld-85555"
"ur5750346";"erosegerity"
"ur5828989";"bridgetbreland"
"ur6796784";"caradryanmusic"
"ur6862138";"aalias"
"ur2453695";"r-fronimides"
"ur4237009";"bradinhanson"
"ur9819590";"vesannia-85540"
"ur3512196";"propergol"
"ur7007525";"MrandMrsWorley"
"ur7527719";"blundell-54222"
"ur7878218";"dowsteven"
"ur5718678";"blueeye-silntkilr07"
"ur9255206";"markottoh-98639"
"ur9827932";"matthewkodadek"
"ur4731563";"sahilgill19"
"ur8074238";"maljacob"
"ur2394970";"p-jonsson"
"ur9722832";"themoviemaniac-47685"
"ur8458953";"torroutedipz"
"ur8646371";"grizeh"
"ur7235110";"mkirkpatrick-37837"
"ur8328484";"sedmisedmi"
"ur2530440";"abwetman-1-817328"
"ur5060665";"kjjames81"
"ur7231172";"nicktatta"
"ur3022570";"phoenix_brodie"
"ur5903014";"ebbewahlstrom"
"ur6227832";"sutherland-98653"
"ur9152416";"ludgateman-87622"
"ur6097912";"kimiemegan"
"ur3022262";"ijacobs3"
"ur2423989";"sharad-seth"
"ur2150438";"jhechotek"
"ur4242960";"eefseaff"
"ur8754166";"ellieonlife"
"ur7059598";"iguy-92207"
"ur9154072";"philipfilmz"
"ur3216202";"nnotheis"
"ur7520451";"muvbuff-45737"
"ur9054773";"megancremins"
"ur6847383";"lozanoderrick"
"ur3797481";"mukul1904"
"ur5682661";"cameronsfx"
"ur3961523";"spiritof67"
"ur8247313";"kathecano-29739"
"ur7899935";"christianogarcia"
"ur8722605";"ThienPhuc54"
"ur2476544";"blndway"
"ur1005559";"dperrem"
"ur4439683";"alimac2"
"ur8806696";"mark_a_dorner"
"ur1540807";"mat-fletcher"
"ur8696461";"williamsonandcompany"
"ur3580907";"AudioFileZ"
"ur1402740";"Civillit"
"ur5602041";"jaffolicious"
"ur4781795";"mac0904"
"ur8339559";"areday"
"ur7683263";"jaretricejhr"
"ur1264922";"ayaz-s"
"ur1223025";"Ramascreen"
"ur8460645";"brandonglade"
"ur1343684";"marcus1968"
"ur2274645";"jasonkruger"
"ur4544299";"arsalan_xaidis"
"ur2248417";"phd_travel"
"ur7763982";"johnarios"
"ur2862754";"keal"
"ur2566510";"drsridharsundar"
"ur3119115";"Firefly_007"
"ur2882842";"sharon-deboard"
"ur6946157";"mmarkosian"
"ur1849908";"soundoflight"
"ur5234940";"drahulrajjsd"
"ur8048928";"neilmalcom"
"ur3258393";"jaimegonzales210"
"ur1683512";"riredale-2"
"ur5266111";"john_titmus"
"ur4429108";"sarepthora"
"ur8605157";"joshrichardson-18234"
"ur4686457";"the-real-max-g-force"
"ur7051069";"rickdecastro"
"ur8116186";"amberlitteken"
"ur6488978";"geeliddell"
"ur3625278";"sastorytellerfilms"
"ur8601356";"cdp-16186"
"ur8622247";"mykindofinspiration"
"ur3192976";"marcosaguado"
"ur6873269";"vickyaggelogiannaki"
"ur2870125";"plpregent"
"ur1101549";"PretoriaDZ"
"ur2154134";"GOWBTW"
"ur8390323";"bentleysargeant"
"ur5775110";"ginocox-206-336968"
"ur5858701";"andre-filipe-santos"
"ur2699432";"dseann-105-396156"
"ur3700310";"mrelussive-501-594503"
"ur6515090";"leegato"
"ur9171315";"vinavinaruerue"
"ur6710208";"ctdonoho"
"ur2537243";"cyer32"
"ur2050622";"jtungsten16"
"ur9144065";"duncanmichael-07130"
"ur4881051";"RLIsbell"
"ur8834767";"thsaustinsober"
"ur3835197";"lotekguy-1"
"ur8553271";"acebreaoeva"
"ur9137506";"rickypoh-62494"
"ur1091835";"THines01"
"ur9127868";"treyheikerobbins"
"ur3555622";"jimdebcooper"
"ur2671791";"lancelotx14"
"ur4761160";"bbk-alkhalifa"
"ur9136185";"ilovecolor-46929"
"ur6172244";"albert_bouwmeester"
"ur6189466";"tarekalfarra"
"ur2295718";"knightinplaidpjs"
"ur9090148";"lwatson-87319"
"ur2761892";"jhs3-134-201076"
"ur6744838";"douglasmiller-84793"
"ur7511712";"scandinavianmail"
"ur5387604";"darrenfox1-49-308320"
"ur5074955";"admitchell2-927-32622"
"ur5921267";"patriciogl10"
"ur4066278";"malaniyanino"
"ur3713255";"thodge-506-205772"
"ur6525477";"harwooddm"
"ur8589331";"bilal-50162"
"ur7119456";"lukehasenfus"
"ur8413422";"juliafacebook"
"ur5876717";"kosmasp"
"ur8074521";"ecmac-49004"
"ur8806519";"garrettjoseph"
"ur6365316";"dmk-04205"
"ur8186028";"LukeSchumacher"
"ur4915746";"zgray72"
"ur6872292";"MichaelNontonMulu"
"ur8382275";"CubsandCulture"
"ur1320540";"comedy_claire2001"
"ur4858203";"weekilter"
"ur5816084";"cwakeland"
"ur7310430";"drod_produce"
"ur6755941";"ozzy-57047"
"ur2188932";"jfenn53058"
"ur9667994";"kklein-70836"
"ur3167526";"schwartz-norman"
"ur2285829";"raidatlanta"
"ur1616347";"movcharov"
"ur1404801";"reisen55"
"ur9495190";"rexandshelley"
"ur8859110";"donna_maria_kelly"
"ur3839948";"bdvise"
"ur5832601";"smi99014"
"ur1471623";"cultfilmfan"
"ur9118826";"ImDave69"
"ur7696317";"simonpeterbennett"
"ur3136082";"fatima_salamah"
"ur3787526";"juanmoorebeer-532-775019"
"ur4943281";"nortonflynn92"
"ur6407027";"MC12810"
"ur3581575";"alanavella-453-241233"
"ur8334091";"daviddunn-90653"
"ur5058678";"vikesh2206-921-864154"
"ur7538719";"fournilwrittenalloverit-96331"
"ur1755216";"mrfish5000"
"ur4904352";"gabrieltobing"
"ur5101707";"BestBenedikt"
"ur8648861";"gxf-38931"
"ur9050178";"whotheff"
"ur6991103";"hazzadhgw"
"ur9072336";"majaisakszon"
"ur4085424";"t_g1985"
"ur1182317";"mrobe48942"
"ur3164664";"Anurag-Shetty"
"ur8656282";"surajshivshankar"
"ur9341573";"davesmithcollegekid"
"ur6463655";"wilma-85216"
"ur9341775";"ms_ibarzabal"
"ur1228337";"jrothell"
"ur3650324";"Antti_Luutonen"
"ur9262403";"hashan_has"
"ur9278398";"michelleocampo-16650"
"ur5672695";"JohnnySlayer"
"ur3843440";"iammcgale"
"ur5728490";"vandrist"
"ur5996794";"sharifahzahira"
"ur4679992";"Eiriksterminator"
"ur8515921";"nickdinicola"
"ur6547857";"The_Sonuverse"
"ur8424735";"benplees"
"ur8684417";"therashidrk"
"ur3479637";"msbarnes03"
"ur4429900";"bigblack2009"
"ur5655206";"lewiswalters95"
"ur9239000";"calvinruddisan"
"ur1872791";"jimthething"
"ur2781920";"jorgeluissal"
"ur9479067";"brookeman"
"ur1339372";"MaarssenTheater"
"ur3537132";"premkrmufc"
"ur2808736";"kobrasec"
"ur3560279";"ercfunk-445-950046"
"ur9552089";"vartulgm"
"ur8533779";"alex_faldo"
"ur6507636";"XxxDaniel94"
"ur7810136";"ryankhawkes"
"ur6772714";"chong_an"
"ur9253087";"ccflan"
"ur6816894";"rgdw"
"ur8567549";"caiylan"
"ur6754071";"jmariani-69084"
"ur4169890";"amywolfe11325"
"ur7107861";"les_bartlett"
"ur2372851";"dawn-nixon"
"ur2832920";"tutt55"
"ur2473910";"gmichaud"
"ur8020748";"Millbags09"
"ur6340346";"darrenpatterson"
"ur2217526";"rohindrad"
"ur3693259";"MildInconvenienceMan"
"ur3067018";"jnucif2720"
"ur8737159";"langford-03818"
"ur3386931";"aselkins87"
"ur2266866";"georgewhittingham1"
"ur8255126";"scsderuiter"
"ur5184005";"matthewgibson91"
"ur2190589";"makleen2"
"ur9624416";"dupregalaxy"
"ur9737001";"magictyron"
"ur6091121";"andreasmartinez"
"ur8810308";"alliyahbal"
"ur3929693";"humcar1"
"ur7104118";"brightbrumby"
"ur8814769";"patrickk_lunt"
"ur5475740";"margulanabutrlov"
"ur9776997";"tinaart-32294"
"ur9736580";"lauraorellana-04292"
"ur3805352";"AdrenalinDragon"
"ur6996612";"jackballantyneyt"
"ur9571314";"cheyhorsecb"
"ur4062295";"baz-ramu"
"ur6299289";"majyemoreno"
"ur6985167";"lahejarishabh"
"ur8771122";"sarahbrackesb"
"ur9098921";"logandenyer17"
"ur9960225";"adove-24615"
"ur9586625";"misauyenton"
"ur7590118";"bahemtoh"
"ur2460803";"denkena_dachshund"
"ur1061592";"kofila"
"ur2559181";"gangstah_vino"
"ur8533669";"anonymoususer-11327"
"ur5746362";"j_c_james4"
"ur8543128";"ddarlingov"
"ur2722308";"vladimir-janic"
"ur5486124";"rodrigoalderete"
"ur8554033";"tuksakat"
"ur2332449";"uwe2000"
"ur8532857";"montillanestor"
"ur8538482";"fiorela-46730"
"ur8573170";"dbleninro"
"ur5299346";"trinaboice"
"ur6788162";"asharirfan"
"ur5665913";"itsachfigueroa68"
"ur8520466";"jillianetennery"
"ur3023028";"margaretafb"
"ur8041707";"MaerlynRainbow"
"ur9474577";"heidz-32827"
"ur3640443";"michaelaschalow"
"ur6813726";"sdelargie"
"ur3246451";"travishouze"
"ur6878328";"AnastasijaSp"
"ur5526377";"terceira829"
"ur3564718";"PotassiumMan"
"ur6937695";"b_kite"
"ur8173015";"nrapny-01694"
"ur7802780";"svhot"
"ur8530038";"ronin-19288"
"ur7999294";"umimelectric"
"ur3716766";"perseus_pinoykid"
"ur8582141";"sandhya60"
"ur8402228";"singersongwriter-06857"
"ur9359310";"supersaiyanwarrior"
"ur1863913";"sandrashockey"
"ur7644587";"bdolloff-63905"
"ur1143828";"ricramey2000"
"ur3523853";"tbrown87"
"ur7918086";"jfhartwig"
"ur9782747";"javiergomeras"
"ur9398096";"biztricityrv"
"ur1007516";"mkelly54"
"ur4879578";"tubewatch-1"
"ur7127535";"eparazak"
"ur4783952";"thisanant"
"ur1001134";"abishaisami"
"ur9859589";"Eric-Adams-poseur"
"ur9683685";"o-28684"
"ur9827834";"Ann-coulter-abu-mohammad"
"ur8117550";"dcn-13055"
"ur9624747";"sandrabatan"
"ur1002277";"cydd-09348"
"ur9715680";"jan_bakerloo"
"ur7278198";"Paradisepie6577"
"ur8934387";"yt-98510"
"ur9719024";"james-Drumi"
"ur1008570";"aaranlesley"
"ur8692456";"adammcntsh"
"ur1000689";"mikiahedmundo"
"ur9242927";"aimanmzaheer"
"ur4715795";"girl_ranma"
"ur8840046";"buggaroo-12654"
"ur8524871";"lukee-56045"
"ur8850450";"jacobscristina"
"ur9838167";"jillyouldy"
"ur7005089";"mariahkate"
"ur8840706";"melendezelena"
"ur8855444";"misskissytoes"
"ur3893394";"mts-564-429762"
"ur1948455";"MoistMovies"
"ur9542374";"shamilton-70796"
"ur3680231";"aftermoviediner"
"ur6342806";"icanbeaghost"
"ur6800125";"middlemen"
"ur6110291";"xxx-50074"
"ur3752146";"linomatthew"
"ur8480342";"sublimejosh"
"ur3438968";"ronsonmoses"
"ur4751581";"ajdepew2824"
"ur8104237";"lostmedals"
"ur1833226";"jimdan1962"
"ur9330323";"jasongkgreen"
"ur7583791";"sonybacker-21493"
"ur9260795";"gabriel-85624"
"ur4487051";"mohammadjh92"
"ur7498154";"JenniePennie"
"ur8479398";"secondtechnicianrimmer"
"ur2071230";"jordan-pillar"
"ur8351034";"jasonescamilla"
"ur7729397";"camilledrummond"
"ur2114807";"gvivekanandg"
"ur4054751";"Pairic"
"ur1638547";"PiAnt"
"ur8060667";"theopinionatedindian"
"ur6125359";"jmvv-38064"
"ur6755349";"jackson-32415"
"ur7801845";"muamba_eats_toast"
"ur9735355";"frostv"
"ur2351182";"offer-b"
"ur8197764";"ticklebunny"
"ur1930715";"kev0131"
"ur6559455";"thegarlicconnection"
"ur2385273";"anizar_wiflfag"
"ur8399131";"kelleyjoshua"
"ur4736624";"wukan1989"
"ur8051096";"dylanrichards"
"ur9009779";"zeenahspirit"
"ur6900356";"maurodc"
"ur8963732";"hott_kitty_moew"
"ur7435137";"gillgarro"
"ur1122618";"Zingbot_9000"
"ur7697737";"jpalsemail"
"ur9261402";"axgameboy"
"ur3024547";"abcvision"
"ur6272210";"bromilowjames"
"ur9001401";"gaaraati"
"ur7441905";"sarahcarter-57143"
"ur9002443";"johnfarmer-20382"
"ur2246954";"lizaf1"
"ur5639087";"jlt-155-475984"
"ur8993899";"serenacroteau"
"ur2759453";"lorna-adair-133-801166"
"ur2745984";"ShelbyTMItchell"
"ur6888267";"Bulldog1721"
"ur6660104";"ericstevenson"
"ur3920401";"ieshraghi"
"ur8941754";"minecraftgravityyt"
"ur7789365";"deveshmaisuria"
"ur5042692";"gokul0801"
"ur4286531";"AmanAjmani"
"ur8965615";"sathya0808"
"ur4447882";"ripujit_in"
"ur6064860";"bonnyjaitly"
"ur5046336";"SAMTHEBESTEST"
"ur6999751";"Natasha0705"
"ur5395867";"tonyjaimy"
"ur8916954";"kabirboom"
"ur4304296";"prafullasrivastav"
"ur8840313";"suyashjain-47459"
"ur4530671";"anchitmttl13"
"ur8290345";"neetabora"
"ur8970621";"sammymann"
"ur2286466";"ketgup83"
"ur0404897";"DesiBaba"
"ur6131831";"anujnaik"
"ur5796472";"hdkp"
"ur2348644";"rockyrakesh1331"
"ur3249611";"HollyGolightly61"
"ur9349335";"aaquib-58565"
"ur8963166";"tyelne"
"ur3822301";"robinmishr-544-473064"
"ur2191927";"sycik18"
"ur9002677";"wendalena"
"ur2039720";"manresa314"
"ur8747573";"danalex-66545"
"ur8969296";"griffeyever"
"ur2632463";"dmitryaltman2-64-892776"
"ur4441148";"nobdyslistning"
"ur2603060";"kaefab"
"ur8981317";"pixieelf-99527"
"ur8971687";"hauntedforest"
"ur7632622";"westkwalex"
"ur3514406";"rjw999"
"ur7409626";"lfcamacho"
"ur2196512";"l-r-patrick"
"ur2058710";"smpaika"
"ur2689943";"uphere"
"ur8972500";"jonezee-70331"
"ur8775954";"wangboppp-81159"
"ur6471741";"snaxxx"
"ur8979600";"jckornegay"
"ur6456431";"amufan"
"ur3921525";"sandraorlando63"
"ur8901388";"pcytoman"
"ur9085003";"Xaaaarrqn"
"ur5829292";"Nimbereth"
"ur8320858";"ivo_nikolov"
"ur3756972";"thebricks"
"ur7155913";"holly-4ever"
"ur5328565";"krussianrussian"
"ur0324559";"Minerva_Meybridge"
"ur2872312";"ExPresidents"
"ur9610556";"simon-s"
"ur3585948";"dupamiaza"
"ur7183982";"ryan_meehan"
"ur2735813";"LilyDaleLady"
"ur6843791";"dosehiwiza"
"ur6959582";"geurtsdustin"
"ur8390821";"lolo-69413"
"ur1813150";"catstats24312"
"ur5450379";"segoktas"
"ur7255603";"skyfall-33402"
"ur1011062";"ixxeeks"
"ur1013860";"brimanjparker"
"ur6565593";"shawlawoff"
"ur9151891";"fyniaina"
"ur9326728";"karagozozan"
"ur1118772";"suprabh"
"ur6806339";"xchintu"
"ur5731981";"mumbhaaai"
"ur7602668";"khan-99792"
"ur2309309";"ajiteshkpathak"
"ur6705966";"Rushabh_Shah94"
"ur7307599";"gajanankale"
"ur9035801";"aliagha-14612"
"ur9316461";"imaasif"
"ur9489269";"gmontu"
"ur6518093";"vicky-34724"
"ur7646089";"somnat"
"ur2356947";"timusathem28"
"ur8549505";"shivamgupta-69554"
"ur9351206";"vaniyakiran"
"ur2405900";"pspareek"
"ur5785549";"Chandan_Rawal"
"ur9350638";"anandsdk"
"ur5656771";"yednaptihor"
"ur4272846";"saurabh-gothoskar"
"ur8207898";"rahil-08234"
"ur3546754";"surajpnair"
"ur5461591";"prinspire-freelancer"
"ur9159683";"yogeshgangwarmg"
"ur2849492";"Rosebud421"
"ur3779597";"CineMuseFilms"
"ur2389435";"doofuspoofus"
"ur3559598";"pamma09"
"ur2613818";"plasticanimalz"
"ur6583818";"ruhsa"
"ur8215888";"vjeffries-52413"
"ur2395305";"Persiska"
"ur5515730";"jadavix"
"ur7233033";"stacywatkins-33053"
"ur2767381";"lavatch"
"ur9058291";"joyapando"
"ur1782594";"thesar-2"
"ur9063862";"asmaalharthy"
"ur3642265";"larrys3"
"ur1676012";"rhmacl"
"ur6946995";"lparkin"
"ur8765800";"serendipity163"
"ur4948638";"xio_lyn"
"ur2740171";"quinnh393"
"ur2483625";"bkoganbing"
"ur3150143";"kmcmac"
"ur6303611";"mjhowland"
"ur5424443";"trapper_1955"
"ur2471950";"thomlrichmond"
"ur7779489";"tuckerfurguy"
"ur5335896";"oregon6"
"ur4645244";"maclock"
"ur8404220";"wise-40311"
"ur8737574";"ryanchin-24939"
"ur9180130";"sfumatosprocket"
"ur3210004";"adenmartinez"
"ur2486930";"redsleeknight"
"ur7560878";"yongx"
"ur7688817";"jsucie"
"ur8770690";"chaysebrown-39779"
"ur9105135";"ahmedsamraie"
"ur8435080";"leahwsch"
"ur6315458";"gruverholly"
"ur3190176";"sarahjanebella"
"ur0266568";"flicklover"
"ur3794930";"danielchannels"
"ur1001139";"sorvis_gilneas"
"ur7836906";"madisonlboehm"
"ur6521126";"orliesgirl_28"
"ur0321489";"Josef Tura-2"
"ur9527095";"parkerdolezal-83429"
"ur7410886";"sweidman-28016"
"ur9573058";"ericmmarkham"
"ur6923373";"believeinflight"
"ur7900401";"raggingbull"
"ur5190152";"gabyalvarezmalo"
"ur5666481";"dzaglin"
"ur3178383";"gillgrey"
"ur1044159";"libra8302"
"ur3714976";"torndownunit-507-429487"
"ur8444079";"FilmBuff20102022"
"ur1926849";"janetimms"
"ur7645347";"edcochran"
"ur4651377";"Mesayon"
"ur5037550";"valarik564"
"ur7967111";"allysonjones-14100"
"ur8761638";"laurenstephens-38088"
"ur8087150";"ckirby-64142"
"ur8812965";"bmtauto"
"ur7569315";"hollybell-66764"
"ur3874042";"chrismlannan"
"ur7484798";"mrharrypaulson"
"ur6079969";"theprincessrose"
"ur6136051";"Davor-Blazevic-1959"
"ur2850101";"sbeutjer"
"ur8753783";"chandel_salwin"
"ur6821713";"camlee-71814"
"ur1312170";"hr-lindberg"
"ur2514597";"jbursch-985-267052"
"ur7209818";"ksusie"
"ur8679825";"minecraftgirl-08188"
"ur4693550";"angeliquebheller"
"ur8758864";"annacastillog"
"ur6414351";"mallorydose"
"ur1006767";"trimblair"
"ur1680265";"rk6314"
"ur5762765";"idennis32"
"ur2435212";"bkickish"
"ur8897050";"christianrmaxwell"
"ur9028147";"smleblanc-94565"
"ur6751114";"stefan_markoski"
"ur3655718";"alex-fyffe"
"ur3670492";"view_and_review"
"ur2929860";"stevendbeard"
"ur9007779";"keverett-45568"
"ur1403586";"debitspread"
"ur4024343";"maurice_yacowar"
"ur7942469";"jdwalsh-80698"
"ur7331132";"jctillery"
"ur4643972";"bandblawrw"
"ur5611893";"gvilchis23"
"ur1148007";"samf2006"
"ur6084329";"jsnod-86448"
"ur7788116";"nogodnomasters"
"ur9278589";"jeffreycarephotography"
"ur9276284";"fpcholcomb"
"ur5172947";"tomsuthblack"
"ur4307890";"Rendanlovell"
"ur3019545";"Spookylicious"
"ur8406858";"danielfiodorov"
"ur7734810";"kuesstdas"
"ur2612772";"cameronspencer94"
"ur1369762";"fmwongmd"
"ur1000634";"MovieBinger"
"ur8577996";"mattcxavier"
"ur0004876";"SteverB"
"ur9857879";"np45764"
"ur4784189";"alex_427"
"ur5551553";"spacegirlsunday"
"ur6861293";"thomasjay-52277"
"ur6992233";"kirkola-87908"
"ur4002177";"sambennett1984-584-769978"
"ur7580392";"roberteburne"
"ur6891994";"amazon-39490"
"ur6233814";"bagaran"
"ur9559175";"famdo"
"ur8720115";"mfonte-80749"
"ur3738269";"DarkAeneas"
"ur6786514";"thetylex"
"ur9566390";"beniteseder"
"ur5263353";"marijn-vandriest"
"ur7556766";"obiegimmie"
"ur2664767";"Andywa"
"ur4366466";"gavinmochan"
"ur7294008";"laincolin"
"ur8580223";"confidential-67897"
"ur6539518";"paulspencer-90394"
"ur1424203";"ChazStrummer"
"ur0548938";"admcdonough"
"ur4963537";"spamco100"
"ur2460484";"giggity21"
"ur1564228";"lat297"
"ur7159414";"ozzymexitech"
"ur5313269";"freqeteq"
"ur4817339";"lucy-partridge"
"ur6725519";"mrsylhet"
"ur6951615";"alphonsesclessin"
"ur9058097";"corbinclendenin"
"ur3800537";"staryellow"
"ur5445101";"jeanie-campbell84"
"ur3324544";"goof12"
"ur7934475";"donkey_dick"
"ur8583733";"ashenvillain"
"ur5368428";"phenomynouss"
"ur5542817";"ddiesonne"
"ur6138434";"pjstaley"
"ur7156908";"eric_tillqvist"
"ur9088548";"naganrohan"
"ur9081555";"brendantimms"
"ur7155351";"woolspately"
"ur4972553";"jsommers-893-70788"
"ur9143536";"ebwolk"
"ur6506796";"visureigis"
"ur9055967";"guilmon-82656"
"ur8769298";"ajmaclean-58588"
"ur2276080";"kopower"
"ur1012659";"digression_jim"
"ur8530827";"pcteknikerna"
"ur5737783";"dylanbuob"
"ur6098874";"zodxxc"
"ur7085479";"kojak-16269"
"ur8933039";"aggelosandreou-17839"
"ur4983008";"jeffkuzzen"
"ur3174368";"tegibson214"
"ur2572569";"Dg68-27-556193"
"ur2030975";"leftbanker-1"
"ur0144641";"kmccabe-"
"ur1824324";"Mandango"
"ur7680937";"skyav"
"ur5784725";"histroy101-210-917633"
"ur6746276";"rwlefaivre-26233"
"ur2946712";"mbnn"
"ur3561033";"edmondmurphy"
"ur5345573";"niallr-31-189245"
"ur9001866";"amazon-54100"
"ur5432458";"belendakay"
"ur1263688";"stanforddjkl"
"ur2256445";"dwebster83"
"ur5822161";"Alex-Makabrys"
"ur2574991";"david-tolmie"
"ur5189932";"skee_16"
"ur7049924";"dancinqueen-38603"
"ur4360097";"vikingsjas12"
"ur1104279";"RmatthewC"
"ur4676521";"luke-797-906460"
"ur7995092";"ops-52535"
"ur3049226";"michaeltaylor976"
"ur4724452";"jenny-talksalot"
"ur4952756";"iitimjk"
"ur4651625";"bburn517"
"ur6268592";"farthing-55458"
"ur9314039";"lizdenhaag"
"ur1631157";"johnnynotty"
"ur2942237";"catfarmer1358"
"ur9553833";"lizzyroo-26928"
"ur4143819";"ravensblood-622-909442"
"ur3236407";"angikpeeps2"
"ur1572419";"The Fugitive"
"ur6795439";"tonygingell"
"ur5240446";"albionturner"
"ur3303444";"barbara_4553"
"ur8160986";"cdlarsen-41638"
"ur5783106";"BillyFromSoddyDaisy"
"ur2245303";"mdbrief1977"
"ur8939332";"hollydcovington"
"ur1534167";"docrotwang"
"ur1403936";"jburdimages-1"
"ur8649863";"springfieldrental"
"ur5358681";"danielliston8"
"ur8559521";"samburnee"
"ur7466730";"docjac-85676"
"ur3868933";"vkb-mech"
"ur1219008";"kylexile"
"ur6549441";"suekelly-61302"
"ur8652189";"steve-84354"
"ur3482068";"ShireenZhu"
"ur8646797";"slamhain"
"ur4883455";"ryanbartlett-870-746486"
"ur4111952";"maileyb123"
"ur7655574";"bighuntwest"
"ur1204826";"psifi872"
"ur5862072";"Zmaron12"
"ur8630549";"grey_dog"
